<?xml version="1.0" encoding="utf-8"?>
<StructureDefinition xmlns="http://hl7.org/fhir" xmlns:xsi="http://www.w3.org/2001/XMLSchema-instance">
  <id value="specialty-rx-request-messageheader-comm" />
  <url value="http://hl7.org/fhir/us/ncpdp/StructureDefinition/specialty-rx-request-messageheader-comm" />
  <name value="SpecialtyRxRequestMessageHeaderComm" />
  <title value="Specialty Rx Request MessageHeader using CommunicationRequest" />
  <status value="active" />
  <experimental value="false" />
  <date value="2020-05-01T00:00:00-00:00" />
  <publisher value="NCPDP" />
  <description value="This profile constrains a MessageHeader resource for use in a Specialty Rx request bundle. A CommunicationRequest resource is the focus." />
  <jurisdiction>
    <coding>
      <system value="urn:iso:std:iso:3166" />
      <code value="US" />
      <display value="United States of America" />
    </coding>
  </jurisdiction>
  <kind value="resource" />
  <abstract value="false" />
  <type value="MessageHeader" />
  <baseDefinition value="http://hl7.org/fhir/StructureDefinition/MessageHeader" />
  <derivation value="constraint" />
  <differential>
    <element id="MessageHeader">
      <path value="MessageHeader" />
      <mustSupport value="false" />
    </element>
    <element id="MessageHeader.eventCoding">
      <path value="MessageHeader.eventCoding" />
      <min value="1" />
      <max value="1" />
      <type>
        <code value="Coding" />
      </type>
      <patternCoding>
        <system value="http://hl7.org/fhir/us/ncpdp/CodeSystem/specialty-rx-event-type" />
        <code value="specialty-rx-request" />
        <display value="Specialty Rx Request" />
      </patternCoding>
      <mustSupport value="true" />
    </element>
    <element id="MessageHeader.focus:communicationrequest">
      <path value="MessageHeader.focus" />
      <sliceName value="communicationrequest" />
      <min value="1" />
      <max value="1" />
      <type>
        <code value="Reference" />
        <targetProfile value="http://hl7.org/fhir/us/ncpdp/StructureDefinition/specialty-rx-communicationrequest" />
        <aggregation value="bundled" />
      </type>
      <mustSupport value="true" />
    </element>
  </differential>
</StructureDefinition>
