{
  "resourceType": "Endpoint",
  "id": "specialty-rx-endpoint-direct-1",
  "text": {
    "status": "generated",
    "div": "<div xmlns=\"http://www.w3.org/1999/xhtml\"><p><b>Generated Narrative with Details</b></p><p><b>id</b>: specialty-rx-endpoint-direct-1</p><p><b>status</b>: active</p><p><b>connectionType</b>: Direct Project (Details: http://terminology.hl7.org/CodeSystem/endpoint-connection-type code direct-project = 'Direct Project', stated as 'null')</p><p><b>name</b>: Jane.Smith.MD@direct.example.org</p><p><b>managingOrganization</b>: <a href=\"Organization-specialty-rx-provider-organization-1.html\">Generated Summary: id: specialty-rx-provider-organization-1; 1669519278; active; <span title=\"Codes: {http://terminology.hl7.org/CodeSystem/organization-type prov}\">Healthcare Provider</span>; name: Our Clinics; ph: 952-555-5555, contac-our-clinict@example.org</a></p><p><b>payloadType</b>: urn:hl7-org:sdwg:ccda-structuredBody:1.1 <span style=\"background: LightGoldenRodYellow\">(Details : {urn:oid:1.3.6.1.4.1.19376.1.2.3 code 'urn:hl7-org:sdwg:ccda-structuredBody:1.1' = 'urn:hl7-org:sdwg:ccda-structuredBody:1.1)</span></p><p><b>payloadMimeType</b>: text/xml</p><p><b>address</b>: <a href=\"mailto:Jane.Smith.MD@direct.example.org\">Jane.Smith.MD@direct.example.org</a></p></div>"
  },
  "status": "active",
  "connectionType": {
    "system": "http://terminology.hl7.org/CodeSystem/endpoint-connection-type",
    "code": "direct-project"
  },
  "name": "Jane.Smith.MD@direct.example.org",
  "managingOrganization": {
    "reference": "Organization/specialty-rx-provider-organization-1"
  },
  "payloadType": [
    {
      "coding": [
        {
          "system": "urn:oid:1.3.6.1.4.1.19376.1.2.3",
          "code": "urn:hl7-org:sdwg:ccda-structuredBody:1.1"
        }
      ]
    }
  ],
  "payloadMimeType": [
    "text/xml"
  ],
  "address": "mailto:Jane.Smith.MD@direct.example.org"
}