<?xml version="1.0" encoding="utf-8"?>
<Organization xmlns="http://hl7.org/fhir" xmlns:xsi="http://www.w3.org/2001/XMLSchema-instance">
  <id value="specialty-rx-pharmacy-organization-1" />
  <meta>
    <profile value="http://hl7.org/fhir/us/ncpdp/StructureDefinition/specialty-rx-pharmacy-organization" />
  </meta>
  <identifier>
    <system value="http://hl7.org/fhir/sid/us-npi" />
    <value value="1669512345" />
  </identifier>
  <active value="true" />
  <type>
    <coding>
      <system value="http://terminology.hl7.org/CodeSystem/organization-type" />
      <code value="prov" />
      <display value="Healthcare Provider" />
    </coding>
  </type>
  <name value="Our Pharmacy" />
  <telecom>
    <system value="phone" />
    <value value="952-555-5555" />
  </telecom>
  <telecom>
    <system value="email" />
    <value value="contact-our-pharmacy@example.org" />
  </telecom>
  <address>
    <line value="220 Oak St" />
    <city value="Minneapolis" />
    <state value="MN" />
    <postalCode value="55008" />
    <country value="USA" />
  </address>
</Organization>
